product_id,product_name,Manufacturer,Product_group_name,Product_group_code,Товарная группа 2,model_name,current_stock
1,Самоходный опрыскиватель John Deere R4038,John Deere,Опрыскиватели,SPR,Самоходный опрыскиватель,SPR-R4038,1
2,Самоходный опрыскиватель John Deere R4023,John Deere,Опрыскиватели,SPR,Самоходный опрыскиватель,SPR-R4023,1
3,Самоходный опрыскиватель John Deere 4630,John Deere,Опрыскиватели,SPR,Самоходный опрыскиватель,SPR-4630,2
4,Самоходный опрыскиватель John Deere 4730,John Deere,Опрыскиватели,SPR,Самоходный опрыскиватель,SPR-4730,2
5,Самоходный опрыскиватель John Deere M4030,John Deere,Опрыскиватели,SPR,Самоходный опрыскиватель,SPR-M4030,2
6,Самоходный опрыскиватель John Deere M4040,John Deere,Опрыскиватели,SPR,Самоходный опрыскиватель,SPR-M4040,0
7,Самоходный опрыскиватель John Deere R4140i,John Deere,Опрыскиватели,SPR,Самоходный опрыскиватель,SPR-R4140i,0
8,Самоходный опрыскиватель John Deere R4150i,John Deere,Опрыскиватели,SPR,Самоходный опрыскиватель,SPR-R4150i,3
9,Прицепные опрыскиватели John Deere M724,John Deere,Опрыскиватели,SPR,Прицепные опрыскиватели,SPR-M724,2
10,Прицепные опрыскиватели John Deere M732,John Deere,Опрыскиватели,SPR,Прицепные опрыскиватели,SPR-M732,0
11,Прицепные опрыскиватели John Deere M740,John Deere,Опрыскиватели,SPR,Прицепные опрыскиватели,SPR-M740,3
12,Прицепные опрыскиватели John Deere M944,John Deere,Опрыскиватели,SPR,Прицепные опрыскиватели,SPR-M944,0
13,Прицепные опрыскиватели John Deere M952,John Deere,Опрыскиватели,SPR,Прицепные опрыскиватели,SPR-M952,2
14,Прицепные опрыскиватели John Deere M962,John Deere,Опрыскиватели,SPR,Прицепные опрыскиватели,SPR-M962,2
15,Пресс-подборщик John Deere 560M,John Deere,Прицепное оборудование,TL,Пресс-подборщик,TL-560M,2
16,Пресс-подборщик John Deere V451G,John Deere,Прицепное оборудование,TL,Пресс-подборщик,TL-V451G,3
17,Пресс-подборщик John Deere V451M,John Deere,Прицепное оборудование,TL,Пресс-подборщик,TL-V451M,3
18,Пресс-подборщик John Deere V461M,John Deere,Прицепное оборудование,TL,Пресс-подборщик,TL-V461M,1
19,Пресс-подборщик John Deere F440E,John Deere,Прицепное оборудование,TL,Пресс-подборщик,TL-F440E,3
20,Пресс-подборщик John Deere F441M,John Deere,Прицепное оборудование,TL,Пресс-подборщик,TL-F441M,0
21,Пресс-подборщик John Deere F450E,John Deere,Прицепное оборудование,TL,Пресс-подборщик,TL-F450E,2
22,Пресс-подборщик John Deere L624,John Deere,Прицепное оборудование,TL,Пресс-подборщик,TL-L624,1
23,Пресс-подборщик John Deere L633,John Deere,Прицепное оборудование,TL,Пресс-подборщик,TL-L633,3
24,Пресс-подборщик John Deere L634,John Deere,Прицепное оборудование,TL,Пресс-подборщик,TL-L634,2
25,Пресс-подборщик John Deere S160,John Deere,Прицепное оборудование,TL,Пресс-подборщик,TL-S160,1
26,Пресс-подборщик John Deere S180,John Deere,Прицепное оборудование,TL,Пресс-подборщик,TL-S180,1
27,Косилки-плющилки John Deere 1365,John Deere,Прицепное оборудование,TL,Косилки-плющилки,TL-1365,0
28,Косилки-плющилки John Deere 630,John Deere,Прицепное оборудование,TL,Косилки-плющилки,TL-630,1
29,Косилки-плющилки John Deere 635,John Deere,Прицепное оборудование,TL,Косилки-плющилки,TL-635,0
30,Косилки-плющилки John Deere 830,John Deere,Прицепное оборудование,TL,Косилки-плющилки,TL-830,2
31,Косилки-плющилки John Deere 835,John Deere,Прицепное оборудование,TL,Косилки-плющилки,TL-835,1
32,Косилки-плющилки John Deere 956,John Deere,Прицепное оборудование,TL,Косилки-плющилки,TL-956,2
33,Косилки-плющилки John Deere R870R,John Deere,Прицепное оборудование,TL,Косилки-плющилки,TL-R870R,1
34,Косилки-плющилки John Deere R950R,John Deere,Прицепное оборудование,TL,Косилки-плющилки,TL-R950R,3
35,Косилки-плющилки John Deere R990R,John Deere,Прицепное оборудование,TL,Косилки-плющилки,TL-R990R,1
36,Косилки-плющилки John Deere F310R,John Deere,Прицепное оборудование,TL,Косилки-плющилки,TL-F310R,2
37,Косилки-плющилки John Deere F350R,John Deere,Прицепное оборудование,TL,Косилки-плющилки,TL-F350R,1
38,Фронтальные навесные погрузчики John Deere H480,John Deere,Прицепное оборудование,TL,Фронтальные навесные погрузчики,TL-H480,0
39,Фронтальные навесные погрузчики John Deere 623R,John Deere,Прицепное оборудование,TL,Фронтальные навесные погрузчики,TL-623R,2
40,Фронтальные навесные погрузчики John Deere 643R,John Deere,Прицепное оборудование,TL,Фронтальные навесные погрузчики,TL-643R,0
41,Фронтальные навесные погрузчики John Deere 663R,John Deere,Прицепное оборудование,TL,Фронтальные навесные погрузчики,TL-663R,2
42,Фронтальные навесные погрузчики John Deere 562,John Deere,Прицепное оборудование,TL,Фронтальные навесные погрузчики,TL-562,1
43,Фронтальные навесные погрузчики John Deere 563,John Deere,Прицепное оборудование,TL,Фронтальные навесные погрузчики,TL-563,0
44,Пневматическая сеялка John Deere 730LL,John Deere,Прицепное оборудование,TL,Пневматическая сеялка,TL-730LL,0
45,Пневматическая сеялка John Deere 1830,John Deere,Прицепное оборудование,TL,Пневматическая сеялка,TL-1830,0
46,Пневматическая сеялка John Deere P500,John Deere,Прицепное оборудование,TL,Пневматическая сеялка,TL-P500,1
47,Пневматическая сеялка John Deere 1890,John Deere,Прицепное оборудование,TL,Пневматическая сеялка,TL-1890,0
48,Пневматическая сеялка John Deere N500F ,John Deere,Прицепное оборудование,TL,Пневматическая сеялка,TL-N500F ,2
49,Пневматическая сеялка John Deere 1910,John Deere,Прицепное оборудование,TL,Пневматическая сеялка,TL-1910,0
50,Зерновые сеялки John Deere 455,John Deere,Прицепное оборудование,TL,Зерновые сеялки,TL-455,3
51,Зерновые сеялки John Deere 1590,John Deere,Прицепное оборудование,TL,Зерновые сеялки,TL-1590,2
52,Сеялки точного высева John Deere 1705,John Deere,Прицепное оборудование,TL,Сеялки точного высева,TL-1705,3
53,Сеялки точного высева John Deere 1715,John Deere,Прицепное оборудование,TL,Сеялки точного высева,TL-1715,1
54,Сеялки точного высева John Deere 1745,John Deere,Прицепное оборудование,TL,Сеялки точного высева,TL-1745,0
55,Сеялки точного высева John Deere 1755,John Deere,Прицепное оборудование,TL,Сеялки точного высева,TL-1755,1
56,Сеялки точного высева John Deere 1775,John Deere,Прицепное оборудование,TL,Сеялки точного высева,TL-1775,0
57,Сеялки точного высева John Deere 1775NT,John Deere,Прицепное оборудование,TL,Сеялки точного высева,TL-1775NT,2
58,Сеялки точного высева John Deere 1795,John Deere,Прицепное оборудование,TL,Сеялки точного высева,TL-1795,0
59,Сеялки точного высева John Deere DB37 (междурядье 45/70),John Deere,Прицепное оборудование,TL,Сеялки точного высева,TL-DB37 (междурядье 45/70),1
60,Сеялки точного высева John Deere DB37 (междурядье 70),John Deere,Прицепное оборудование,TL,Сеялки точного высева,TL-DB37 (междурядье 70),0
61,Сеялки точного высева John Deere DB55 (междурядье 70),John Deere,Прицепное оборудование,TL,Сеялки точного высева,TL-DB55 (междурядье 70),1
62,Сеялки точного высева John Deere DB74 (междурядье 70),John Deere,Прицепное оборудование,TL,Сеялки точного высева,TL-DB74 (междурядье 70),3
63,Сеялки точного высева John Deere DB83 (междурядье 70 см),John Deere,Прицепное оборудование,TL,Сеялки точного высева,TL-DB83 (междурядье 70 см),2
64,Сеялки точного высева John Deere DB55 (междурядье 45/70),John Deere,Прицепное оборудование,TL,Сеялки точного высева,TL-DB55 (междурядье 45/70),1
65,Почвообрабатывающая техника John Deere 2100,John Deere,Прицепное оборудование,TL,Почвообрабатывающая техника,TL-2100,2
66,Почвообрабатывающая техника John Deere 913,John Deere,Прицепное оборудование,TL,Почвообрабатывающая техника,TL-913,1
67,Почвообрабатывающая техника John Deere 915,John Deere,Прицепное оборудование,TL,Почвообрабатывающая техника,TL-915,3
68,Почвообрабатывающая техника John Deere 2430,John Deere,Прицепное оборудование,TL,Почвообрабатывающая техника,TL-2430,0
69,Почвообрабатывающая техника John Deere 2635,John Deere,Прицепное оборудование,TL,Почвообрабатывающая техника,TL-2635,3
70,Почвообрабатывающая техника John Deere 2720,John Deere,Прицепное оборудование,TL,Почвообрабатывающая техника,TL-2720,0
71,Почвообрабатывающая техника John Deere 2730,John Deere,Прицепное оборудование,TL,Почвообрабатывающая техника,TL-2730,2
72,Почвообрабатывающая техника John Deere 2210,John Deere,Прицепное оборудование,TL,Почвообрабатывающая техника,TL-2210,1
73,Почвообрабатывающая техника John Deere 2230LL,John Deere,Прицепное оборудование,TL,Почвообрабатывающая техника,TL-2230LL,1
74,Почвообрабатывающая техника John Deere 2230FH,John Deere,Прицепное оборудование,TL,Почвообрабатывающая техника,TL-2230FH,2
75,Почвообрабатывающая техника John Deere 2330,John Deere,Прицепное оборудование,TL,Почвообрабатывающая техника,TL-2330,1
76,Почвообрабатывающая техника John Deere 200,John Deere,Прицепное оборудование,TL,Почвообрабатывающая техника,TL-200,2
77,Почвообрабатывающая техника John Deere 2633,John Deere,Прицепное оборудование,TL,Почвообрабатывающая техника,TL-2633,1
78,Почвообрабатывающая техника John Deere 2633VT,John Deere,Прицепное оборудование,TL,Почвообрабатывающая техника,TL-2633VT,0
79,Разбрасыватель удобрений John Deere DN218,John Deere,Прицепное оборудование,TL,Разбрасыватель удобрений,TL-DN218,2
80,Разбрасыватель удобрений John Deere DN224,John Deere,Прицепное оборудование,TL,Разбрасыватель удобрений,TL-DN224,0
81,Разбрасыватель удобрений John Deere DN236,John Deere,Прицепное оборудование,TL,Разбрасыватель удобрений,TL-DN236,1
82,Разбрасыватель удобрений John Deere DN350,John Deere,Прицепное оборудование,TL,Разбрасыватель удобрений,TL-DN350,3
83,Разбрасыватель удобрений John Deere DN456,John Deere,Прицепное оборудование,TL,Разбрасыватель удобрений,TL-DN456,3
84,Разбрасыватель удобрений John Deere DN485,John Deere,Прицепное оборудование,TL,Разбрасыватель удобрений,TL-DN485,2
85,Самоходная косилка John Deere W150,John Deere,Прицепное оборудование,TL,Самоходная косилка,TL-W150,1
86,Самоходная косилка John Deere W235,John Deere,Прицепное оборудование,TL,Самоходная косилка,TL-W235,3
87,Самоходная косилка John Deere W260,John Deere,Прицепное оборудование,TL,Самоходная косилка,TL-W260,3
88,ГУСЕНИЧНЫЙ МИНИ-ПОГРУЗЧИК JCB 300T,JCB,Тракторы,TR,ГУСЕНИЧНЫЙ МИНИ-ПОГРУЗЧИК,TR-300T,2
89,Трактор JCB Fastrac 8290,JCB,Тракторы,TR,Трактор,TR-Fastrac 8290,2
90,Трактор JCB Fastrac 8330,JCB,Тракторы,TR,Трактор,TR-Fastrac 8330,3
91,погрузчик JCB JCB 155,JCB,Погрузчики,LDR,погрузчик,LDR-JCB 155,1
92,погрузчик JCB JCB 541-70,JCB,Погрузчики,LDR,погрузчик,LDR-JCB 541-70,1
93,погрузчик JCB JCB 535-95,JCB,Погрузчики,LDR,погрузчик,LDR-JCB 535-95,1
94,погрузчик JCB JCB 526-56 AGRI,JCB,Погрузчики,LDR,погрузчик,LDR-JCB 526-56 AGRI,2
95,погрузчик JCB JCB 527-58 AGRI,JCB,Погрузчики,LDR,погрузчик,LDR-JCB 527-58 AGRI,2
96,погрузчик JCB JCB 536-60 Agri,JCB,Погрузчики,LDR,погрузчик,LDR-JCB 536-60 Agri,1
97,погрузчик JCB JCB 560-80 AGRI,JCB,Погрузчики,LDR,погрузчик,LDR-JCB 560-80 AGRI,2
98,Борона KUHN TDH 8210-19,KUHN,Прицепное оборудование,TL,Борона,TL-TDH 8210-19,3
99,Борона KUHN TDH 8210-22,KUHN,Прицепное оборудование,TL,Борона,TL-TDH 8210-22,0
100,Борона KUHN TDH 8210-25,KUHN,Прицепное оборудование,TL,Борона,TL-TDH 8210-25,2
101,Борона KUHN TDH 8210-28,KUHN,Прицепное оборудование,TL,Борона,TL-TDH 8210-28,1
102,Борона KUHN TDH 8210-31,KUHN,Прицепное оборудование,TL,Борона,TL-TDH 8210-31,3
103,Борона KUHN TDH 8210-34,KUHN,Прицепное оборудование,TL,Борона,TL-TDH 8210-34,3
104,Борона KUHN TDH 8210-36Q,KUHN,Прицепное оборудование,TL,Борона,TL-TDH 8210-36Q,1
105,Борона KUHN TDH 8210-36Q,KUHN,Прицепное оборудование,TL,Борона,TL-TDH 8210-36Q,0
106,Борона KUHN TDH 8210-38Q,KUHN,Прицепное оборудование,TL,Борона,TL-TDH 8210-38Q,1
107,Культиватор KUHN 	DMR 4855-11,KUHN,Прицепное оборудование,TL,Культиватор,TL-	DMR 4855-11,3
108,Культиватор KUHN 	DMR 4855-13,KUHN,Прицепное оборудование,TL,Культиватор,TL-	DMR 4855-13,1
109,Культиватор KUHN DMR 4855-7,KUHN,Прицепное оборудование,TL,Культиватор,TL-DMR 4855-7,2
110,Культиватор KUHN DMR 4855-9,KUHN,Прицепное оборудование,TL,Культиватор,TL-DMR 4855-9,0
111,Культиватор KUHN 	PERFORMER 4000,KUHN,Прицепное оборудование,TL,Культиватор,TL-	PERFORMER 4000,0
112,Культиватор KUHN PERFORMER 5000,KUHN,Прицепное оборудование,TL,Культиватор,TL-PERFORMER 5000,0
113,Культиватор KUHN PERFORMER 6000,KUHN,Прицепное оборудование,TL,Культиватор,TL-PERFORMER 6000,1
114,Культиватор KUHN PERFORMER 7000,KUHN,Прицепное оборудование,TL,Культиватор,TL-PERFORMER 7000,1
115,Рыхлитель KUHN RPR 4830-630,KUHN,Прицепное оборудование,TL,Рыхлитель,TL-RPR 4830-630,2
116,Рыхлитель KUHN RPR 4830-930,KUHN,Прицепное оборудование,TL,Рыхлитель,TL-RPR 4830-930,2
117,Опрыскиватель KUHN 	STRONGER 3030,KUHN,Опрыскиватели,SPR,Опрыскиватель,SPR-	STRONGER 3030,3
118,Опрыскиватель KUHN LEXIS 2400-3000 L,KUHN,Опрыскиватели,SPR,Опрыскиватель,SPR-LEXIS 2400-3000 L,2
119,Опрыскиватель KUHN 	METRIS 3202-4102,KUHN,Опрыскиватели,SPR,Опрыскиватель,SPR-	METRIS 3202-4102,0
120,Опрыскиватель KUHN 	OCEANIS 4500-5600,KUHN,Опрыскиватели,SPR,Опрыскиватель,SPR-	OCEANIS 4500-5600,2
121,Опрыскиватель KUHN 	OCEANIS 6500-7700,KUHN,Опрыскиватели,SPR,Опрыскиватель,SPR-	OCEANIS 6500-7700,0
122,Косилка-плющилка KUHN 	FC 3125 F,KUHN,Прицепное оборудование,TL,Косилка-плющилка,TL-	FC 3125 F,1
123,Косилка-плющилка KUHN 	FC 3125 F,KUHN,Прицепное оборудование,TL,Косилка-плющилка,TL-	FC 3125 F,2
124,Косилка-плющилка KUHN FC 3161 TC,KUHN,Прицепное оборудование,TL,Косилка-плющилка,TL-FC 3161 TC,0
125,Косилка-плющилка KUHN 	FC 3561 TC,KUHN,Прицепное оборудование,TL,Косилка-плющилка,TL-	FC 3561 TC,2
126,Косилка-плющилка KUHN FC 4061 TC,KUHN,Прицепное оборудование,TL,Косилка-плющилка,TL-FC 4061 TC,0
127,Косилка-плющилка KUHN FC 10030,KUHN,Прицепное оборудование,TL,Косилка-плющилка,TL-FC 10030,2
128,Косилка-плющилка KUHN FC 8830 D,KUHN,Прицепное оборудование,TL,Косилка-плющилка,TL-FC 8830 D,1
129,Косилка-плющилка KUHN FC 9530,KUHN,Прицепное оборудование,TL,Косилка-плющилка,TL-FC 9530,3
130,Косилка-плющилка KUHN 	FC 3161 TL,KUHN,Прицепное оборудование,TL,Косилка-плющилка,TL-	FC 3161 TL,2
131,Косилка-плющилка KUHN FC 3561 TL,KUHN,Прицепное оборудование,TL,Косилка-плющилка,TL-FC 3561 TL,2
132,Пресс-подборщик KUHN 	FB 119,KUHN,Прицепное оборудование,TL,Пресс-подборщик,TL-	FB 119,0
133,Пресс-подборщик KUHN 	FB 2130,KUHN,Прицепное оборудование,TL,Пресс-подборщик,TL-	FB 2130,0
134,Пресс-подборщик KUHN 	FB 3130,KUHN,Прицепное оборудование,TL,Пресс-подборщик,TL-	FB 3130,0
135,Пресс-подборщик KUHN FB 3135,KUHN,Прицепное оборудование,TL,Пресс-подборщик,TL-FB 3135,1
136,Пресс-подборщик KUHN VB 2255,KUHN,Прицепное оборудование,TL,Пресс-подборщик,TL-VB 2255,1
137,Пресс-подборщик KUHN VB 2260,KUHN,Прицепное оборудование,TL,Пресс-подборщик,TL-VB 2260,0
138,Пресс-подборщик KUHN VB 2265,KUHN,Прицепное оборудование,TL,Пресс-подборщик,TL-VB 2265,0
139,Пресс-подборщик KUHN 	VB 2285,KUHN,Прицепное оборудование,TL,Пресс-подборщик,TL-	VB 2285,2
140,Пресс-подборщик KUHN VB 2290,KUHN,Прицепное оборудование,TL,Пресс-подборщик,TL-VB 2290,0
141,Пресс-подборщик KUHN 	VB 2295,KUHN,Прицепное оборудование,TL,Пресс-подборщик,TL-	VB 2295,3
142,Разбрасыватель KUHN 8110,KUHN,Прицепное оборудование,TL,Разбрасыватель,TL-8110,1
143,Разбрасыватель KUHN 8114,KUHN,Прицепное оборудование,TL,Разбрасыватель,TL-8114,3
144,Разбрасыватель KUHN 8118,KUHN,Прицепное оборудование,TL,Разбрасыватель,TL-8118,1
145,Разбрасыватель KUHN 8124,KUHN,Прицепное оборудование,TL,Разбрасыватель,TL-8124,1
146,Разбрасыватель KUHN 8132,KUHN,Прицепное оборудование,TL,Разбрасыватель,TL-8132,3
147,Разбрасыватель KUHN 8141,KUHN,Прицепное оборудование,TL,Разбрасыватель,TL-8141,3
148,Разбрасыватель KUHN 8150,KUHN,Прицепное оборудование,TL,Разбрасыватель,TL-8150,1
149,Разбрасыватель KUHN 	PS 150,KUHN,Прицепное оборудование,TL,Разбрасыватель,TL-	PS 150,3
150,Разбрасыватель KUHN 	PS 160,KUHN,Прицепное оборудование,TL,Разбрасыватель,TL-	PS 160,0
151,Разбрасыватель KUHN PSC 161,KUHN,Прицепное оборудование,TL,Разбрасыватель,TL-PSC 161,0
152,Разбрасыватель KUHN PSC 171,KUHN,Прицепное оборудование,TL,Разбрасыватель,TL-PSC 171,1
153,Разбрасыватель KUHN 	PSC 181,KUHN,Прицепное оборудование,TL,Разбрасыватель,TL-	PSC 181,3
154,Трактор John Deere 9330 [388hp] (Tractor 4WD; CCH),John Deere,Тракторы,TR,Трактор,TR-9330 [388hp],0
155,Трактор John Deere 9410R [410hp] (Tractor 4WD; Tractor 4WD),John Deere,Тракторы,TR,Трактор,TR-9410R [410hp],2
156,Трактор John Deere 9420R [420hp] (Tractor 4WD; Tractor 4WD),John Deere,Тракторы,TR,Трактор,TR-9420R [420hp],3
157,Трактор John Deere 9430 [439hp] (Tractor 4WD; Tractor 4WD),John Deere,Тракторы,TR,Трактор,TR-9430 [439hp],1
158,Трактор John Deere 9460R [460hp] (Tractor 4WD; Tractor 4WD),John Deere,Тракторы,TR,Трактор,TR-9460R [460hp],1
159,Трактор John Deere 9470R [470hp] (Tractor 4WD; Tractor 4WD),John Deere,Тракторы,TR,Трактор,TR-9470R [470hp],1
160,Трактор John Deere 9510R [510hp] (Tractor 4WD; Tractor 4WD),John Deere,Тракторы,TR,Трактор,TR-9510R [510hp],1
161,Трактор John Deere 9520R [520hp] (Tractor 4WD; Tractor 4WD),John Deere,Тракторы,TR,Трактор,TR-9520R [520hp],1
162,Трактор John Deere 9530 [491hp] (Tractor 4WD; Tractor 4WD),John Deere,Тракторы,TR,Трактор,TR-9530 [491hp],1
163,Трактор John Deere 9560R [560hp] (Tractor 4WD; Tractor 4WD),John Deere,Тракторы,TR,Трактор,TR-9560R [560hp],2
164,Трактор John Deere 9560T [560hp] (Tractor 4WD; Tractor 4WD),John Deere,Тракторы,TR,Трактор,TR-9560T [560hp],0
165,Трактор John Deere 9570R [570hp] (Tractor 4WD; Tractor 4WD),John Deere,Тракторы,TR,Трактор,TR-9570R [570hp],1
166,Трактор John Deere 7830 [205hp] (Tractor MFWD; CCM),John Deere,Тракторы,TR,Трактор,TR-7830 [205hp],1
167,Трактор John Deere 7930 [220hp] (Tractor MFWD; CCM),John Deere,Тракторы,TR,Трактор,TR-7930 [220hp],0
168,Трактор John Deere 5525 [91hp] (Tractor MFWD; APL),John Deere,Тракторы,TR,Трактор,TR-5525 [91hp],1
169,Трактор John Deere 5725 [89hp] (Tractor MFWD; APL),John Deere,Тракторы,TR,Трактор,TR-5725 [89hp],0
170,Трактор John Deere 6095B [95hp] (Tractor MFWD; APL),John Deere,Тракторы,TR,Трактор,TR-6095B [95hp],2
171,Трактор John Deere 6105M [105hp] (Tractor MFWD; APL),John Deere,Тракторы,TR,Трактор,TR-6105M [105hp],2
172,Трактор John Deere 6110B [110hp] (Tractor MFWD; APL),John Deere,Тракторы,TR,Трактор,TR-6110B [110hp],1
173,Трактор John Deere 6125M [125hp] (Tractor MFWD; APH),John Deere,Тракторы,TR,Трактор,TR-6125M [125hp],1
174,Трактор John Deere 6130D [130hp] (Tractor MFWD; APH),John Deere,Тракторы,TR,Трактор,TR-6130D [130hp],0
175,Трактор John Deere 6135B [135hp] (Tractor MFWD; APH),John Deere,Тракторы,TR,Трактор,TR-6135B [135hp],3
176,Трактор John Deere 6140M [140hp] (Tractor MFWD; APH),John Deere,Тракторы,TR,Трактор,TR-6140M [140hp],3
177,Трактор John Deere 6150M [150hp] (Tractor MFWD; CCM),John Deere,Тракторы,TR,Трактор,TR-6150M [150hp],0
178,Трактор John Deere 6155M [155hp] (Tractor MFWD; CCM),John Deere,Тракторы,TR,Трактор,TR-6155M [155hp],3
179,Трактор John Deere 6170M [170hp] (Tractor MFWD; CCM),John Deere,Тракторы,TR,Трактор,TR-6170M [170hp],2
180,Трактор John Deere 6175M [175hp] (Tractor MFWD; CCM),John Deere,Тракторы,TR,Трактор,TR-6175M [175hp],0
181,Трактор John Deere 6195M [195hp] (Tractor MFWD; CCM),John Deere,Тракторы,TR,Трактор,TR-6195M [195hp],2
182,Трактор John Deere 6930 [155hp] (Tractor MFWD; CCM),John Deere,Тракторы,TR,Трактор,TR-6930 [155hp],1
183,Трактор John Deere 7730 [190hp] (Tractor MFWD; CCM),John Deere,Тракторы,TR,Трактор,TR-7730 [190hp],0
184,Трактор John Deere 7830 [205hp] (Tractor MFWD; CCM),John Deere,Тракторы,TR,Трактор,TR-7830 [205hp],2
185,Трактор John Deere 7930 [220hp] (Tractor MFWD; CCM),John Deere,Тракторы,TR,Трактор,TR-7930 [220hp],0
186,Трактор John Deere 8245R [245hp] (Tractor MFWD; CCM),John Deere,Тракторы,TR,Трактор,TR-8245R [245hp],3
187,Трактор John Deere 8270R [270hp] (Tractor MFWD; CCH),John Deere,Тракторы,TR,Трактор,TR-8270R [270hp],1
188,Трактор John Deere 8285R [285hp] (Tractor MFWD; CCH),John Deere,Тракторы,TR,Трактор,TR-8285R [285hp],3
189,Трактор John Deere 8295R [295hp] (Tractor MFWD; CCH),John Deere,Тракторы,TR,Трактор,TR-8295R [295hp],3
190,Трактор John Deere 8310R [310hp] (Tractor MFWD; CCH),John Deere,Тракторы,TR,Трактор,TR-8310R [310hp],2
191,Трактор John Deere 8320R [320hp] (Tractor MFWD; CCH),John Deere,Тракторы,TR,Трактор,TR-8320R [320hp],3
192,Трактор John Deere 8330 [280hp] (Tractor MFWD; CCH),John Deere,Тракторы,TR,Трактор,TR-8330 [280hp],1
193,Трактор John Deere 8335R [335hp] (Tractor MFWD; CCH),John Deere,Тракторы,TR,Трактор,TR-8335R [335hp],2
194,Трактор John Deere 8345R [345hp] (Tractor MFWD; CCH),John Deere,Тракторы,TR,Трактор,TR-8345R [345hp],2
195,Трактор John Deere 8370R [370hp] (Tractor MFWD; CCH),John Deere,Тракторы,TR,Трактор,TR-8370R [370hp],1
196,Трактор John Deere 8430 [305hp] (Tractor MFWD; CCH),John Deere,Тракторы,TR,Трактор,TR-8430 [305hp],0
197,Трактор John Deere 8295RT [295hp] (Tractor Track; CCH),John Deere,Тракторы,TR,Трактор,TR-8295RT [295hp],3
198,Трактор John Deere 8310RT [310hp] (Tractor Track; CCH),John Deere,Тракторы,TR,Трактор,TR-8310RT [310hp],3
199,Трактор John Deere 8320RT [320hp] (Tractor Track; CCH),John Deere,Тракторы,TR,Трактор,TR-8320RT [320hp],2
200,Трактор John Deere 8335RT [335hp] (Tractor Track; CCH),John Deere,Тракторы,TR,Трактор,TR-8335RT [335hp],0
201,Трактор John Deere 8345RT [345hp] (Tractor Track; CCH),John Deere,Тракторы,TR,Трактор,TR-8345RT [345hp],2
202,Трактор John Deere 8370RT [370hp] (Tractor Track; CCH),John Deere,Тракторы,TR,Трактор,TR-8370RT [370hp],1
203,Трактор John Deere 9430T [439hp] (Tractor Track; Tractor Track),John Deere,Тракторы,TR,Трактор,TR-9430T [439hp],3
204,Трактор John Deere 9460RT [460hp] (Tractor Track; Tractor Track),John Deere,Тракторы,TR,Трактор,TR-9460RT [460hp],0
205,Трактор John Deere 9470RT [470hp] (Tractor Track; Tractor Track),John Deere,Тракторы,TR,Трактор,TR-9470RT [470hp],3
206,Трактор John Deere 9510RT [510hp] (Tractor Track; Tractor Track),John Deere,Тракторы,TR,Трактор,TR-9510RT [510hp],3
207,Трактор John Deere 9520RT [520hp] (Tractor Track; Tractor Track),John Deere,Тракторы,TR,Трактор,TR-9520RT [520hp],1
208,Трактор John Deere 9520RX [520hp] (Tractor Track; Tractor Track),John Deere,Тракторы,TR,Трактор,TR-9520RX [520hp],0
209,Трактор John Deere 9530T [491hp] (Tractor Track; Tractor Track),John Deere,Тракторы,TR,Трактор,TR-9530T [491hp],2
210,Трактор John Deere 9570R [570hp] (Tractor Track; Tractor Track),John Deere,Тракторы,TR,Трактор,TR-9570R [570hp],3
211,Трактор John Deere 9570RT [570hp] (Tractor Track; Tractor Track),John Deere,Тракторы,TR,Трактор,TR-9570RT [570hp],3
212,Зерноуборочный комбайн John Deere 9570 STS [265hp] (Combine rotary; Class V),John Deere,Зерноуборочные комбайны,HARV,Зерноуборочный комбайн,HARV-9570 STS [265hp],3
213,Зерноуборочный комбайн John Deere 9670 STS [305hp] (Combine rotary; Class VI),John Deere,Зерноуборочные комбайны,HARV,Зерноуборочный комбайн,HARV-9670 STS [305hp],1
214,Зерноуборочный комбайн John Deere 9870 STS [440hp] (Combine rotary; Class VIII),John Deere,Зерноуборочные комбайны,HARV,Зерноуборочный комбайн,HARV-9870 STS [440hp],0
215,Зерноуборочный комбайн John Deere S550 [290hp] (Combine rotary; Class VI),John Deere,Зерноуборочные комбайны,HARV,Зерноуборочный комбайн,HARV-S550 [290hp],0
216,Зерноуборочный комбайн John Deere S660 [343hp] (Combine rotary; Class VII),John Deere,Зерноуборочные комбайны,HARV,Зерноуборочный комбайн,HARV-S660 [343hp],2
217,Зерноуборочный комбайн John Deere S670 [373hp] (Combine rotary; Class VII),John Deere,Зерноуборочные комбайны,HARV,Зерноуборочный комбайн,HARV-S670 [373hp],3
218,Зерноуборочный комбайн John Deere S680 [507hp] (Combine rotary; Class IX),John Deere,Зерноуборочные комбайны,HARV,Зерноуборочный комбайн,HARV-S680 [507hp],1
219,Зерноуборочный комбайн John Deere S690 [551hp] (Combine rotary; Class IX),John Deere,Зерноуборочные комбайны,HARV,Зерноуборочный комбайн,HARV-S690 [551hp],3
220,Зерноуборочный комбайн John Deere S760 [325hp] (Combine rotary; Class VII),John Deere,Зерноуборочные комбайны,HARV,Зерноуборочный комбайн,HARV-S760 [325hp],3
221,Зерноуборочный комбайн John Deere S770 [378hp] (Combine rotary; Class VII),John Deere,Зерноуборочные комбайны,HARV,Зерноуборочный комбайн,HARV-S770 [378hp],2
222,Зерноуборочный комбайн John Deere S780 [480hp] (Combine rotary; Class VIII),John Deere,Зерноуборочные комбайны,HARV,Зерноуборочный комбайн,HARV-S780 [480hp],0
223,Зерноуборочный комбайн John Deere S790 [551hp] (Combine rotary; Class IX),John Deere,Зерноуборочные комбайны,HARV,Зерноуборочный комбайн,HARV-S790 [551hp],2
224,Зерноуборочный комбайн John Deere 1470 [204hp] (Combine walker; Class I-IV),John Deere,Зерноуборочные комбайны,HARV,Зерноуборочный комбайн,HARV-1470 [204hp],2
225,Зерноуборочный комбайн John Deere 1550 CWS [230hp] (Combine walker; Class V),John Deere,Зерноуборочные комбайны,HARV,Зерноуборочный комбайн,HARV-1550 CWS [230hp],2
226,Зерноуборочный комбайн John Deere 3316 SKD [140hp] (Combine walker; Class I-IV),John Deere,Зерноуборочные комбайны,HARV,Зерноуборочный комбайн,HARV-3316 SKD [140hp],1
227,Зерноуборочный комбайн John Deere T660 [339hp] (Combine walker; Class VII),John Deere,Зерноуборочные комбайны,HARV,Зерноуборочный комбайн,HARV-T660 [339hp],1
228,Зерноуборочный комбайн John Deere T670 [397hp] (Combine walker; Class VII),John Deere,Зерноуборочные комбайны,HARV,Зерноуборочный комбайн,HARV-T670 [397hp],2
229,Зерноуборочный комбайн John Deere W330 [204hp] (Combine walker; Class I-IV),John Deere,Зерноуборочные комбайны,HARV,Зерноуборочный комбайн,HARV-W330 [204hp],1
230,Зерноуборочный комбайн John Deere W540 [255hp] (Combine walker; Class V),John Deere,Зерноуборочные комбайны,HARV,Зерноуборочный комбайн,HARV-W540 [255hp],3
231,Зерноуборочный комбайн John Deere W650 [320hp] (Combine walker; Class VI),John Deere,Зерноуборочные комбайны,HARV,Зерноуборочный комбайн,HARV-W650 [320hp],2
232,Зерноуборочный комбайн John Deere W660 [320hp] (Combine walker; Class VI),John Deere,Зерноуборочные комбайны,HARV,Зерноуборочный комбайн,HARV-W660 [320hp],0
